{"pmt_baseline": {"val_prec": 0.7501912452188695, "val_recall": 0.6999392000845912, "val_f1": 0.7241945188994038, "val_accuracy": 0.8329772256728778, "test_prec": 0.7141103135625236, "test_recall": 0.6687402340870898, "test_f1": 0.6906809981273693, "test_accuracy": 0.8305787191460974}, "pmt_baseline_cp": {"val_prec": 0.4205163774649909, "val_recall": 0.45161953199249955, "val_f1": 0.43551333576909024, "val_accuracy": 0.6533002183156982, "test_prec": 0.5398660986001217, "test_recall": 0.2639095507289497, "test_f1": 0.3545163868904876, "test_accuracy": 0.5709494238368811}, "codebert_token_diff": {"val_prec": 0.7730637813211845, "val_recall": 0.7894736842105263, "val_f1": 0.7811825636599051, "val_accuracy": 0.8614409937888199, "test_prec": 0.7730637813211845, "test_recall": 0.7894736842105263, "test_f1": 0.7811825636599051, "test_accuracy": 0.8614409937888199}, "codebert_token_diff_cp": {"val_prec": 0.5812625448788624, "val_recall": 0.5281395289101231, "val_f1": 0.5534291559000862, "val_accuracy": 0.7475905401601997, "test_prec": 0.5812625448788624, "test_recall": 0.5281395289101231, "test_f1": 0.5534291559000862, "test_accuracy": 0.7475905401601997}}